X,Y,NAME,CLASS,AQI
120.7512427,30.75084798,嘉兴市,0XFF83,24
120.0830671,30.89524644,湖州市,0XFF83,80
120.574379,30.00700998,绍兴市,0XFF83,140
122.202972,29.98754304,舟山市,0XFF83,165
121.546246,29.87620299,宁波市,0XFF83,86
119.642848,29.08127199,金华市,0XFF83,184
118.869413,28.93892703,衢州市,0XFF83,72
121.416636,28.65889302,台州市,0XFF83,38
119.912514,28.455276,丽水市,0XFF83,49
120.695457,27.99819198,温州市,0XFF83,127
103.71468,27.341637,昭通市,0XFF83,23